district,facility
Nurseville,jutag
Rossville,vofab
Nurseville,vilus
Pinterville,pohop
Rutherfordville,buzid
Daleville,fuhuf
Higgsville,kanih
Hodgkinville,luton
Higgsville,zulot
Higgsville,sisak
Nurseville,ginav
Mottville,faboh
Huxleyville,karim
Nurseville,kaloh
Gurdonville,jisod
Daleville,nojut
Daleville,fuvor
Nurseville,posob
Krebsville,dovof
Higgsville,kojan
Nurseville,pikoj
Mottville,mukig
Higgsville,somig
Higgsville,lomor
Krebsville,rajik
Pinterville,tudum
Mottville,gupor
Huxleyville,dojuk
Rutherfordville,migaj
Rutherfordville,kobok
Rutherfordville,hoson
Daleville,jihil
Higgsville,hamat
Higgsville,sibos
Higgsville,vabij
Higgsville,tiroj
Higgsville,jijuf
Nurseville,vidol
Higgsville,kazik
Higgsville,zilor
Higgsville,rinol
Nurseville,jatap
Nurseville,gazog
Nurseville,dusol
Nurseville,fifoz
Nurseville,busik
Nurseville,vadig
Nurseville,subis
Nurseville,kogur
Nurseville,noris
Nurseville,jonor
Nurseville,zumob
Nurseville,gipih
Higgsville,lonoj
Higgsville,nojam
Higgsville,rotik
Higgsville,kunuj
Higgsville,batin
Higgsville,donop
Higgsville,pazit
Higgsville,luriz
Higgsville,fudok
Higgsville,libuf
Hodgkinville,gihod
Daleville,nofab
Rossville,davup
Nurseville,pifav
Higgsville,nohis
Higgsville,mipon
Nurseville,maluh
Higgsville,noluv
Hodgkinville,hamil
Higgsville,lazir
Rutherfordville,rusol
Higgsville,tujif
Higgsville,mupof
Rossville,libab
Nurseville,funat
Nurseville,dataj
Nurseville,ginug
Higgsville,vihoh
Higgsville,sivot
Krebsville,kolaf
Higgsville,jilof
Krebsville,jinot
Krebsville,tisuf
Rutherfordville,kibub
Daleville,vihur
Pinterville,rukul
Hodgkinville,visub
Mottville,gaguk
Pinterville,magip
Daleville,gadov
Mottville,rojum
Huxleyville,mubuf
Huxleyville,kavaz
Nurseville,vujog
Higgsville,nisoz
Rossville,tisor
Gurdonville,sodom
Rossville,gizun
Krebsville,higin
Rutherfordville,migad
Hodgkinville,fahib
Rutherfordville,rizap
Nurseville,dokof
Higgsville,zapot
Higgsville,huros
Higgsville,zibaz
Nurseville,jisam
Nurseville,fonir
Nurseville,mapil
Rossville,marav
Higgsville,bozoh
Hodgkinville,topiz
Nurseville,fakok
Nurseville,pakoh
Nurseville,rafar
Gurdonville,mumat
Nurseville,lazoj
Nurseville,nibaz
Nurseville,fifad
Gurdonville,giluz
Rossville,falul
Rossville,zajoj
Rossville,vurig
Pinterville,nopah
Pinterville,dozip
Pinterville,luviv
Higgsville,vutal
Higgsville,jahub
Rutherfordville,sokis
Rutherfordville,fomuz
Mottville,sahuh
Mottville,foton
Krebsville,dozon
Krebsville,fotil
Huxleyville,gahuh
Hodgkinville,funoj
Hodgkinville,sijaz
Hodgkinville,mirut
Daleville,juvad
Higgsville,fatut
Mottville,fivog
Daleville,gofol
Mottville,fakoh
Daleville,javul
Higgsville,punug
Daleville,dunub
Daleville,vulog
Higgsville,dodam
Rutherfordville,limom
Pinterville,zukum
Higgsville,tabut
Rutherfordville,kipag
Rossville,gajus
Higgsville,rodas
Hodgkinville,lupum
Higgsville,jopim
Rossville,nuzot
Hodgkinville,huzuz
Nurseville,zuruv
Rutherfordville,zibir
Rossville,sobut
Pinterville,sasis
Huxleyville,hoson
Rossville,suzol
Huxleyville,juhir
Krebsville,fobiv
Pinterville,zodis
Rutherfordville,fuhor
Higgsville,kanod
Daleville,higub
Huxleyville,fozur
Hodgkinville,rokuh
Nurseville,dadij
Higgsville,kosil
Nurseville,hodor
Daleville,dihat
Daleville,logib
Daleville,jijid
Mottville,hiriz
Nurseville,timuh
Higgsville,razon
Pinterville,lirak
Higgsville,muzop
Mottville,goruz
Rossville,kovig
Daleville,tujoh
Rossville,lunap
Rossville,nadug
Rutherfordville,zopaf
Daleville,gukoj
Hodgkinville,tigom
Rutherfordville,zipir
Daleville,figah
Pinterville,malat
Mottville,johop
Higgsville,huzib
Huxleyville,filin
Higgsville,futob
Mottville,vilin
Hodgkinville,rojag
Nurseville,sizub
Mottville,zafum
Rutherfordville,jotuv
Nurseville,sorus
Pinterville,lolaz
Krebsville,huris
Higgsville,tapof
Hodgkinville,mazaj
Pinterville,fifok
Huxleyville,kizob
Pinterville,vuput
Higgsville,vahof
Hodgkinville,dapas
Rutherfordville,mokud
Hodgkinville,suhur
Hodgkinville,bujin
Daleville,vovol
Nurseville,hotag
Higgsville,nubim
Higgsville,kudib
Higgsville,zajam
Nurseville,dalot
Nurseville,lajam
Pinterville,fovij
Mottville,podol
Krebsville,zufuf
Pinterville,dafob
Higgsville,lokug
Hodgkinville,lahag
Nurseville,zabur
Krebsville,fokuz
Hodgkinville,rafuh
Daleville,zifah
Higgsville,kikor
Krebsville,gujum
Mottville,kuvis
Huxleyville,rahof
Huxleyville,fizam
Pinterville,zanof
Huxleyville,mafig
Pinterville,badum
Higgsville,fanij
Daleville,zador
Higgsville,fomid
Hodgkinville,likok
Pinterville,midip
Higgsville,bumiz
Nurseville,rabuf
Higgsville,polib
Pinterville,zobuf
Higgsville,tojus
Daleville,modim
Daleville,livih
Daleville,ronav
Hodgkinville,fuzur
Higgsville,mopuz
Pinterville,patat
Daleville,rijuz
Higgsville,fagip
Daleville,vukit
Higgsville,samun
Rutherfordville,zunud
Higgsville,bivaj
Pinterville,hisih
Higgsville,bosib
Daleville,jimut
Higgsville,nusos
Hodgkinville,zifol
Daleville,jibom
Krebsville,dukal
Pinterville,kahim
Pinterville,rovig
Nurseville,nanun
Higgsville,vobah
Pinterville,kalor
Krebsville,bufuk
Rossville,tidav
Rutherfordville,famad
Krebsville,rosur
Krebsville,ramun
Krebsville,pigoh
Rossville,zihol
Rossville,kosim
Rossville,dobon
Rossville,minup
Huxleyville,kofah
Daleville,rugab
Nurseville,zarot
Nurseville,bohal
Nurseville,konif
Nurseville,misov
Rutherfordville,rijoz
Hodgkinville,gumuf
Higgsville,piroj
Rutherfordville,pimal
Higgsville,lupus
Pinterville,latig
Higgsville,vulah
Higgsville,ruzuh
Hodgkinville,zokar
Hodgkinville,kigin
Pinterville,dotat
Krebsville,jofiv
Krebsville,molov
Rossville,kizod
Nurseville,jisin
Mottville,bupoz
Higgsville,ginoz
Pinterville,farub
Higgsville,nuruv
Higgsville,papal
Higgsville,zabos
Higgsville,juruf
Nurseville,tibip
Nurseville,jagit
Higgsville,dafit
Nurseville,posaj
Nurseville,huhur
Nurseville,gavuj
Nurseville,gokad
Nurseville,tufov
Higgsville,zahor
Higgsville,tizik
Higgsville,kiduf
Higgsville,dodir
Higgsville,nipar
Nurseville,tumag
Nurseville,suduz
Higgsville,nuvin
Higgsville,nipaf
Daleville,gasav
Nurseville,pozod
Higgsville,mikuf
Higgsville,miroz
Hodgkinville,kovag
Nurseville,duvin
Nurseville,hirih
Nurseville,sisuk
Nurseville,mazun
Nurseville,majuv
Rossville,kuhih
Nurseville,votin
Nurseville,malog
Krebsville,nohub
Mottville,musov
Higgsville,foroz
Huxleyville,lohul
Hodgkinville,vipog
Hodgkinville,puhug
Krebsville,darab
Higgsville,mizoh
Higgsville,rinih
Hodgkinville,lodip
Higgsville,sodun
Rutherfordville,kunug
Pinterville,fikaj
Rossville,sidog
Rossville,nopaj
Hodgkinville,rigol
Hodgkinville,tolob
Nurseville,nibap
Nurseville,buhuj
Nurseville,mudih
Huxleyville,buguz
Nurseville,hubuj
Nurseville,tiduf
